freq,coop_ptn,unit,geo\TIME_PERIOD	2004 	2005 	2006 	2007 	2008 	2009 	2010 	2011 	2012 	2013 	2014 	2015 	2016 	2017 	2018 	2019 	2020 	2021 	2022 	2023 
A,APPL,NR,AL	: 	: 	: 	: 	: 	1 	0 	0 	0 	0 	3 	0 	2 	0 	0 	2 	0 	3 	7 	8 p
A,APPL,NR,AT	1000 	1053 	1146 	1382 	1503 	1496 	1744 	1734 	1874 	1993 	1964 	1989 	2024 	2209 	2281 	2346 	2306 	2309 	2381 	2355 p
A,APPL,NR,BA	: 	: 	: 	: 	: 	1 	2 	0 	3 	1 	0 	0 	2 	0 	1 	2 	4 	1 	7 	8 p
A,APPL,NR,BE	1493 	1658 	1842 	1898 	1899 	1629 	2045 	2014 	1886 	1882 	1927 	2041 	2211 	2152 	2348 	2422 	2406 	2480 	2603 	2547 p
A,APPL,NR,BG	16 	11 	12 	16 	15 	19 	11 	16 	13 	23 	34 	33 	20 	32 	31 	35 	54 	43 	46 	40 p
A,APPL,NR,CH	4663 	5027 	5503 	5871 	5942 	5887 	6864 	6553 	6746 	6742 	6910 	7116 	7302 	7354 	7961 	8266 	8125 	8504 	9160 	9410 p
A,APPL,NR,CY	20 	35 	47 	42 	56 	42 	49 	55 	56 	41 	44 	39 	36 	49 	49 	48 	65 	42 	43 	53 p
A,APPL,NR,CZ	84 	73 	82 	96 	110 	135 	167 	162 	140 	151 	167 	213 	189 	206 	248 	203 	206 	201 	222 	241 p
A,APPL,NR,DE	23044 	23789 	24806 	25190 	26667 	25118 	27328 	26202 	27249 	26510 	25633 	24807 	24932 	25539 	26663 	26762 	25882 	25891 	24612 	24966 p
A,APPL,NR,DK	984 	1174 	1246 	1400 	1584 	1477 	1817 	1782 	1605 	1942 	1983 	1920 	1855 	2089 	2385 	2415 	2420 	2646 	2685 	2596 p
A,APPL,NR,EE	4 	3 	7 	13 	7 	32 	27 	28 	41 	41 	38 	32 	43 	54 	47 	48 	57 	69 	66 	71 p
A,APPL,NR,EL	69 	67 	70 	83 	89 	102 	83 	78 	79 	68 	95 	91 	75 	102 	120 	141 	135 	203 	186 	157 p
A,APPL,NR,ES	846 	972 	1101 	1283 	1327 	1255 	1430 	1404 	1544 	1504 	1471 	1518 	1574 	1671 	1781 	1885 	1794 	1945 	1974 	2111 p
A,APPL,NR,EU27_2020	51508 	53744 	55197 	57255 	60401 	57101 	61235 	59626 	60451 	61033 	62618 	62618 	62055 	63897 	66181 	66510 	65925 	67820 	67612 	68579 p
A,APPL,NR,FI	1608 	1514 	1674 	2036 	1802 	1413 	1617 	1548 	1851 	1894 	2182 	1993 	1796 	1797 	1728 	1705 	1899 	2108 	2140 	2336 p
A,APPL,NR,FR	8079 	8034 	8051 	8359 	9093 	8974 	9575 	9617 	9897 	9835 	10614 	10760 	10484 	10619 	10468 	10233 	10614 	10693 	10983 	10814 p
A,APPL,NR,HR	24 	26 	30 	38 	24 	20 	17 	18 	19 	10 	12 	9 	16 	10 	14 	19 	23 	27 	32 	51 p
A,APPL,NR,HU	94 	81 	93 	100 	108 	116 	107 	96 	105 	103 	114 	97 	107 	95 	118 	97 	109 	119 	104 	108 p
A,APPL,NR,IE	326 	311 	349 	423 	484 	622 	637 	653 	609 	566 	622 	614 	727 	660 	826 	882 	980 	1015 	1180 	1057 p
A,APPL,NR,IS	31 	28 	47 	36 	36 	46 	53 	45 	50 	38 	42 	45 	39 	56 	33 	50 	41 	63 	48 	42 p
A,APPL,NR,IT	3998 	4199 	4173 	4408 	4357 	3879 	4078 	3970 	3744 	3706 	3649 	3986 	4154 	4360 	4404 	4469 	4619 	4920 	4867 	5053 p
A,APPL,NR,LI	146 	152 	167 	238 	225 	228 	279 	222 	199 	250 	278 	371 	374 	380 	432 	437 	439 	493 	458 	447 p
A,APPL,NR,LT	2 	1 	1 	9 	11 	13 	9 	14 	19 	22 	24 	39 	26 	24 	37 	29 	50 	71 	79 	129 p
A,APPL,NR,LU	183 	181 	203 	259 	274 	364 	420 	393 	449 	429 	454 	425 	556 	533 	431 	415 	402 	433 	344 	385 p
A,APPL,NR,LV	4 	7 	10 	20 	42 	49 	32 	28 	25 	80 	8 	30 	11 	14 	13 	22 	30 	22 	21 	27 p
A,APPL,NR,ME	: 	: 	: 	: 	: 	0 	0 	0 	1 	1 	0 	0 	1 	1 	2 	0 	2 	1 	0 	0 p
A,APPL,NR,MK	: 	: 	: 	: 	: 	0 	0 	0 	0 	1 	1 	0 	1 	0 	0 	1 	1 	5 	3 	4 p
A,APPL,NR,MT	8 	7 	15 	27 	27 	61 	31 	30 	24 	43 	62 	94 	74 	69 	51 	58 	63 	56 	72 	59 p
A,APPL,NR,NL	6974 	7799 	7360 	7118 	7360 	6694 	5965 	5627 	5067 	5852 	6874 	7147 	6860 	7043 	7142 	6942 	6386 	6578 	6796 	7033 p
A,APPL,NR,NO	: 	: 	: 	: 	: 	475 	509 	467 	555 	509 	529 	510 	523 	531 	610 	646 	652 	629 	657 	697 p
A,APPL,NR,PL	93 	111 	127 	104 	169 	174 	205 	246 	383 	372 	482 	566 	393 	446 	519 	463 	478 	522 	607 	671 p
A,APPL,NR,PT	52 	41 	79 	71 	85 	113 	81 	81 	76 	95 	113 	141 	157 	150 	221 	272 	251 	290 	312 	329 p
A,APPL,NR,RO	11 	8 	16 	16 	18 	16 	14 	20 	35 	33 	28 	30 	31 	52 	50 	40 	55 	31 	46 	42 p
A,APPL,NR,RS	: 	: 	: 	: 	: 	4 	8 	6 	5 	11 	11 	4 	1 	10 	9 	9 	8 	20 	13 	14 p
A,APPL,NR,SE	2429 	2486 	2548 	2730 	3134 	3147 	3590 	3638 	3518 	3674 	3873 	3839 	3547 	3783 	4055 	4395 	4422 	4947 	5040 	5139 p
A,APPL,NR,SI	51 	87 	90 	115 	128 	115 	131 	129 	108 	135 	125 	118 	113 	98 	100 	122 	165 	116 	123 	153 p
A,APPL,NR,SK	12 	16 	19 	19 	28 	26 	25 	43 	35 	29 	26 	47 	44 	41 	51 	42 	54 	43 	48 	56 p
A,APPL,NR,TR	66 	68 	144 	146 	195 	190 	283 	371 	397 	377 	403 	447 	523 	911 	574 	471 	605 	735 	560 	601 p
A,APPL,P_MHAB,AL	: 	: 	: 	: 	: 	0.34 	0.00 	0.00 	0.00 	0.00 	1.04 	0.00 	0.70 	0.00 	0.00 	0.70 	0.00 	1.07 	2.52 	2.9 p
A,APPL,P_MHAB,AT	122.37 	127.98 	138.60 	166.60 	180.62 	179.31 	208.53 	206.63 	222.30 	235.03 	229.81 	230.14 	231.67 	251.09 	258.02 	264.19 	258.61 	257.82 	263.33 	258.66 p
A,APPL,P_MHAB,BA	: 	: 	: 	: 	: 	0.26 	0.52 	0.00 	0.78 	0.26 	0.00 	0.00 	0.57 	0.00 	0.29 p	: 	: 	: 	: 	: 
A,APPL,P_MHAB,BE	143.27 	158.23 	174.63 	178.62 	177.31 	150.88 	187.69 	182.46 b	169.80 b	168.65 	171.91 	181.03 	195.12 	189.18 	205.48 	210.81 	208.52 	213.92 p	222.75 p	216.9 p
A,APPL,P_MHAB,BG	2.07 	1.44 	1.58 	2.12 	2.00 	2.55 	1.49 	2.18 	1.78 	3.17 	4.71 	4.60 	2.81 	4.52 	4.41 	5.02 	7.79 	6.25 	7.12 b	6.2 bp
A,APPL,P_MHAB,CH	631.02 	675.93 	735.31 	777.50 	776.97 	760.22 	877.20 	828.19 b	843.58 	833.44 	843.85 	859.17 	872.05 	870.11 	935.01 	963.93 	940.59 	977.09 p	1043.78 p	1067.45 p
A,APPL,P_MHAB,CY	27.47 	47.39 	62.59 	54.75 	71.19 	51.98 	59.08 	64.64 	64.82 	47.57 	51.61 	46.01 	42.28 	57.01 	56.32 	54.42 	72.87 	46.65 p	47.11 p	57.56 p
A,APPL,P_MHAB,CZ	8.24 	7.15 	8.01 	9.32 	10.59 	12.93 	15.94 	15.43 	13.32 	14.36 	15.87 	20.20 	17.89 	19.44 	23.33 	19.02 	19.26 	19.13 b	20.8 b	22.26 p
A,APPL,P_MHAB,DE	279.27 	288.46 	301.13 	306.20 	324.77 	306.68 	334.18 	326.40 b	338.81 	328.72 	316.53 	303.69 	302.76 	308.98 	321.61 	322.07 	311.23 	311.20 	293.71 	295.95 p
A,APPL,P_MHAB,DK	182.07 	216.63 	229.16 	256.34 	288.33 	267.42 	327.52 	319.90 	287.04 	345.86 	351.38 	337.82 	323.85 	362.36 	411.66 	415.35 	414.99 	451.79 	454.85 	437.58 p
A,APPL,P_MHAB,EE	2.94 	2.21 	5.20 	9.70 	5.24 	23.98 	20.28 	21.09 	31.00 	31.11 	28.91 	24.33 b	32.68 	40.99 	35.55 	36.17 	42.87 	51.84 	48.93 	51.98 p
A,APPL,P_MHAB,EL	6.30 	6.10 	6.35 	7.51 	8.03 	9.18 	7.46 	7.02 	7.15 	6.20 	8.72 	8.41 	6.96 	9.48 	11.18 	13.15 	12.62 	19.08 e	17.84 ep	15.08 p
A,APPL,P_MHAB,ES	19.71 	22.27 	24.80 	28.37 	28.88 	27.07 	30.70 	30.04 	33.01 	32.26 	31.65 	32.68 	33.86 	35.86 	38.06 	39.99 	37.88 	41.02 p	41.32 bp	43.9 p
A,APPL,P_MHAB,EU27_2020	118.79 	123.52 	126.45 	130.72 	137.47 b	129.65 	138.84 b	135.43 b	137.11 b	138.10 	141.26 b	140.96 b	139.40 	143.31 b	148.17 e	148.78 bep	147.37 ep	151.75 bep	151.25 bep	152.82 bep
A,APPL,P_MHAB,FI	307.56 	288.60 	317.87 	384.97 	339.14 	264.66 	301.49 	287.29 	341.89 	348.23 	399.52 	363.72 	326.82 	326.24 	313.30 	308.79 	343.43 	380.44 	385.16 	419.84 p
A,APPL,P_MHAB,FR	129.20 	127.52 	126.91 	130.97 	141.68 	139.12 	147.72 	147.66 	151.24 	149.53 	160.06 b	161.69 	157.12 	158.69 	155.87 	151.85 p	157.08 p	157.83 p	161.58 p	158.63 p
A,APPL,P_MHAB,HR	5.57 	6.03 	6.96 	8.81 	5.57 	4.64 	3.96 	4.20 	4.45 	2.35 	2.83 	2.14 	3.83 	2.42 	3.42 	4.67 	5.68 	6.82 bp	8.3 	13.24 p
A,APPL,P_MHAB,HU	9.30 	8.03 	9.23 	9.94 	10.76 	11.57 	10.70 	9.63 	10.58 b	10.41 	11.55 	9.85 	10.90 	9.71 	12.07 	9.93 	11.18 	12.26 	10.78 bp	11.25 bp
A,APPL,P_MHAB,IE	80.09 	74.76 	81.65 	96.16 	107.81 	137.14 	139.69 	142.57 	132.40 	122.41 	133.54 	130.58 	152.88 	137.29 	169.70 e	178.75 e	196.57 	201.66 	230.15 	200.52 p
A,APPL,P_MHAB,IS	106.14 	94.36 	154.72 	115.55 	113.42 	144.43 	166.65 	141.06 	155.90 	117.37 	128.29 	136.03 	116.27 	163.08 	93.56 	138.67 	111.88 	169.12 	125.65 	108.31 p
A,APPL,P_MHAB,IT	69.31 	72.43 	71.77 	75.43 	74.06 	65.64 	68.80 	66.86 	62.88 	61.53 	60.03 	65.63 	68.52 	72.02 	72.89 	74.82 b	77.71 	83.24 p	82.57 p	85.65 p
A,APPL,P_MHAB,LI	4238.40 	4373.72 	4766.39 	6749.48 	6342.85 	6379.05 	7745.27 	6113.68 	5428.70 	6759.68 	7463.49 	9894.92 	9916.22 	10010.01 	11295.30 	11332.11 	11285.06 	12582.31 p	11596.7 p	11265.97 p
A,APPL,P_MHAB,LT	0.59 	0.30 	0.31 	2.79 	3.44 	4.11 	2.91 	4.62 	6.36 	7.44 	8.18 	13.43 	9.06 	8.49 	13.21 	10.38 	17.89 	25.35 	27.9 	45.15 p
A,APPL,P_MHAB,LU	399.48 	389.12 	429.51 	539.59 	560.73 	731.24 	828.48 	758.18 	845.66 b	789.53 	816.08 	746.13 	955.30 	893.79 b	708.94 	669.35 	637.67 	676.49 	526.72 	582.62 p
A,APPL,P_MHAB,LV	1.77 	3.13 	4.51 	9.09 	19.29 	22.88 	15.26 	13.59 	12.29 	39.75 	4.01 	15.17 	5.61 	7.21 	6.75 	11.50 	15.79 	11.67 	11.17 	14.34 p
A,APPL,P_MHAB,ME	: 	: 	: 	: 	: 	0.00 	0.00 b	0.00 	1.61 	1.61 	0.00 	0.00 	1.61 	1.61 	3.21 	0.00 	3.22 	1.61 	0.00 p	: 
A,APPL,P_MHAB,MK	: 	: 	: 	: 	: 	0.00 	0.00 	0.00 	0.00 	0.48 	0.48 	0.00 	0.48 	0.00 	0.00 	0.48 	0.48 	2.56 b	1.64 	2.19 p
A,APPL,P_MHAB,MT	19.94 	17.33 	37.01 	66.38 	65.95 	147.89 	74.79 	72.07 	57.14 	100.95 	142.67 	211.21 	162.51 	147.44 	105.23 	115.07 	122.25 	108.00 	135.56 b	108.85 p
A,APPL,P_MHAB,NL	428.33 	477.88 	450.26 	434.51 	447.54 	404.95 	359.00 	337.09 	302.42 	348.24 	407.59 	421.90 	402.81 	411.12 	414.47 	400.23 	366.14 	375.18 	383.93 	394.86 p
A,APPL,P_MHAB,NO	: 	: 	: 	: 	: 	98.37 	104.11 	94.28 	110.59 	100.20 	102.97 	98.29 	99.91 	100.63 	114.84 	120.80 	121.20 	116.30 	120.39 	126.98 p
A,APPL,P_MHAB,PL	2.44 	2.91 	3.33 	2.73 	4.43 	4.56 	5.39 b	6.46 	10.06 	9.78 	12.68 	14.90 	10.35 	11.74 	13.67 e	12.20 e	12.61 ep	13.83 ep	16.48 b	18.26 bp
A,APPL,P_MHAB,PT	4.96 	3.90 	7.51 	6.73 	8.05 	10.69 	7.66 	7.67 	7.23 	9.08 	10.86 	13.61 	15.21 	14.56 	21.49 	26.44 	24.38 	28.09 bp	29.97 bp	31.43 p
A,APPL,P_MHAB,RO	0.51 	0.38 	0.75 	0.77 	0.88 	0.79 	0.69 	0.99 	1.74 	1.65 	1.41 	1.51 	1.57 	2.65 	2.57 	2.06 e	2.85 e	1.62 e	2.42 ep	2.2 ep
A,APPL,P_MHAB,RS	: 	: 	: 	: 	: 	0.55 	1.10 	0.83 b	0.69 	1.54 	1.54 	0.56 	0.14 	1.42 	1.29 	1.30 	1.16 	2.93 	1.93 	2.11 bp
A,APPL,P_MHAB,SE	270.08 	275.32 	280.60 	298.42 	339.93 	338.44 	382.81 	385.01 	369.56 	382.69 	399.44 	391.77 	357.45 	376.13 	398.52 	427.58 	427.10 	474.95 	480.6 	488.43 p
A,APPL,P_MHAB,SI	25.54 	43.49 	44.85 	56.98 	63.33 b	56.38 	63.95 	62.84 	52.50 	65.54 	60.62 	57.18 	54.72 	47.43 	48.22 	58.42 	78.48 	55.03 	58.24 	72.27 p
A,APPL,P_MHAB,SK	2.23 	2.98 	3.54 	3.54 	5.21 	4.83 	4.64 	7.97 	6.47 	5.36 	4.80 	8.67 	8.1 	7.54 	9.36 	7.70 	9.89 	7.89 	8.84 	10.32 p
A,APPL,P_MHAB,TR	0.98 	0.99 	2.08 	2.08 	2.74 	2.64 	3.87 	5.00 	5.28 	4.95 	5.22 	5.71 	6.60 	11.34 	7.05 be	5.70 be	7.26 	8.73 	6.59 	7.05 p
A,INVT,NR,AL	: 	: 	: 	: 	: 	: 	: 	0 	0 	0 	3 	0 	2 	0 	0 	2 	1 	3 	7 	8 p
A,INVT,NR,AT	: 	: 	: 	: 	: 	: 	: 	1872 	2011 	2131 	2138 	2177 	2219 	2394 	2488 	2530 	2478 	2386 	2546 	2570 p
A,INVT,NR,BA	: 	: 	: 	: 	: 	: 	: 	1 	1 	2 	3 	2 	1 	2 	4 	3 	4 	0 	8 	9 p
A,INVT,NR,BE	: 	: 	: 	: 	: 	: 	: 	1955 	1956 	2106 	2186 	2147 	2321 	2240 	2337 	2355 	2341 	2477 	2516 	2599 p
A,INVT,NR,BG	: 	: 	: 	: 	: 	: 	: 	21 	26 	35 	33 	43 	27 	36 	43 	48 	62 	48 	58 	50 p
A,INVT,NR,CH	: 	: 	: 	: 	: 	: 	: 	4452 	4536 	4605 	4580 	5037 	4895 	4933 	5271 	5556 	5582 	7325 	5788 	5938 p
A,INVT,NR,CY	: 	: 	: 	: 	: 	: 	: 	17 	25 	12 	10 	14 	15 	14 	13 	17 	24 	36 	19 	23 p
A,INVT,NR,CZ	: 	: 	: 	: 	: 	: 	: 	223 	216 	223 	255 	287 	284 	297 	364 	273 	293 	233 	332 	354 p
A,INVT,NR,DE	: 	: 	: 	: 	: 	: 	: 	26852 	27748 	26648 	25898 	25117 	25602 	26090 	27367 	27804 	27129 	26412 	26188 	26847 p
A,INVT,NR,DK	: 	: 	: 	: 	: 	: 	: 	1867 	1724 	1892 	1964 	1896 	1850 	2040 	2288 	2253 	2292 	2590 	2549 	2531 p
A,INVT,NR,EE	: 	: 	: 	: 	: 	: 	: 	46 	48 	50 	36 	36 	45 	57 	50 	53 	59 	70 	62 	67 p
A,INVT,NR,EL	: 	: 	: 	: 	: 	: 	: 	94 	100 	88 	125 	117 	94 	134 	150 	168 	169 	223 	242 	209 p
A,INVT,NR,ES	: 	: 	: 	: 	: 	: 	: 	1675 	1829 	1800 	1783 	1798 	1884 	2141 	2248 	2322 	2217 	2135 	2425 	2577 p
A,INVT,NR,EU27_2020	: 	: 	: 	: 	: 	: 	: 	59733 	60339 	60685 	62191 	61915 	62998 	64864 	67667 	67968 	67235 	68088 	68668 	69879 p
A,INVT,NR,FI	: 	: 	: 	: 	: 	: 	: 	1332 	1578 	1635 	1812 	1657 	1587 	1520 	1563 	1593 	1630 	1879 	1579 	1697 p
A,INVT,NR,FR	: 	: 	: 	: 	: 	: 	: 	9462 	9399 	9531 	10126 	10368 	10493 	10806 	10833 	10592 	10796 	10751 	11091 	10808 p
A,INVT,NR,HR	: 	: 	: 	: 	: 	: 	: 	27 	29 	21 	23 	20 	29 	20 	31 	38 	39 	29 	54 	68 p
A,INVT,NR,HU	: 	: 	: 	: 	: 	: 	: 	191 	225 	230 	236 	198 	199 	212 	245 	228 	247 	192 	244 	226 p
A,INVT,NR,IE	: 	: 	: 	: 	: 	: 	: 	446 	452 	452 	565 	490 	557 	547 	537 	587 	660 	837 	686 	655 p
A,INVT,NR,IS	: 	: 	: 	: 	: 	: 	: 	32 	36 	27 	33 	40 	29 	45 	31 	46 	40 	61 	47 	39 p
A,INVT,NR,IT	: 	: 	: 	: 	: 	: 	: 	4793 	4555 	4406 	4367 	4677 	4834 	5058 	5227 	5211 	5368 	5215 	5581 	5685 p
A,INVT,NR,LI	: 	: 	: 	: 	: 	: 	: 	43 	30 	40 	44 	66 	39 	38 	53 	49 	54 	322 	36 	38 p
A,INVT,NR,LT	: 	: 	: 	: 	: 	: 	: 	16 	18 	22 	25 	41 	25 	28 	38 	34 	54 	71 	84 	131 p
A,INVT,NR,LU	: 	: 	: 	: 	: 	: 	: 	102 	98 	77 	100 	85 	118 	106 	103 	120 	133 	301 	146 	140 p
A,INVT,NR,LV	: 	: 	: 	: 	: 	: 	: 	31 	29 	80 	9 	30 	11 	16 	18 	23 	38 	23 	35 	35 p
A,INVT,NR,ME	: 	: 	: 	: 	: 	: 	: 	0 	1 	1 	0 	0 	2 	1 	2 	0 	7 	2 	0 	0 p
A,INVT,NR,MK	: 	: 	: 	: 	: 	: 	: 	0 	0 	1 	1 	1 	2 	0 	0 	0 	1 	5 	2 	3 p
A,INVT,NR,MT	: 	: 	: 	: 	: 	: 	: 	6 	2 	5 	4 	11 	7 	18 	14 	23 	21 	40 	31 	30 p
A,INVT,NR,NL	: 	: 	: 	: 	: 	: 	: 	4907 	4310 	5323 	6300 	6326 	6382 	6340 	6399 	6276 	5871 	6341 	6399 	6628 p
A,INVT,NR,NO	: 	: 	: 	: 	: 	: 	: 	523 	608 	589 	595 	565 	563 	542 	589 	600 	627 	633 	632 	698 p
A,INVT,NR,PL	: 	: 	: 	: 	: 	: 	: 	344 	497 	482 	627 	710 	569 	675 	767 	683 	665 	617 	893 	983 p
A,INVT,NR,PT	: 	: 	: 	: 	: 	: 	: 	105 	93 	120 	143 	152 	183 	173 	271 	308 	265 	304 	362 	362 p
A,INVT,NR,RO	: 	: 	: 	: 	: 	: 	: 	54 	63 	74 	90 	128 	127 	158 	219 	162 	107 	47 	87 	107 p
A,INVT,NR,RS	: 	: 	: 	: 	: 	: 	: 	9 	13 	17 	21 	12 	8 	26 	19 	16 	21 	27 	25 	21 p
A,INVT,NR,SE	: 	: 	: 	: 	: 	: 	: 	3072 	3136 	3044 	3128 	3179 	3311 	3526 	3840 	4020 	3958 	4637 	4196 	4196 p
A,INVT,NR,SI	: 	: 	: 	: 	: 	: 	: 	168 	126 	153 	165 	149 	162 	152 	136 	169 	222 	136 	169 	179 p
A,INVT,NR,SK	: 	: 	: 	: 	: 	: 	: 	54 	47 	45 	42 	64 	63 	67 	79 	78 	96 	60 	94 	122 p
A,INVT,NR,TR	: 	: 	: 	: 	: 	: 	: 	416 	435 	420 	447 	501 	551 	961 	613 	513 	648 	743 	614 	653 p
A,INVT,P_MHAB,AL	: 	: 	: 	: 	: 	: 	: 	0.00 	0.00 	0.00 	1.04 	0.00 	0.70 	0.00 	0.00 	0.70 	0.35 	1.07 	2.52 	2.9 p
A,INVT,P_MHAB,AT	: 	: 	: 	: 	: 	: 	: 	223.08 	238.55 	251.30 	250.17 	251.89 	253.99 	272.12 	281.43 	284.91 	277.90 	266.41 	281.58 	282.27 p
A,INVT,P_MHAB,BA	: 	: 	: 	: 	: 	: 	: 	0.26 	0.26 	0.52 	0.78 	0.54 	0.28 	0.57 	1.14 p	: 	: 	: 	: 	: 
A,INVT,P_MHAB,BE	: 	: 	: 	: 	: 	: 	: 	177.11 b	176.11 b	188.72 	195.02 	190.43 	204.83 	196.92 	204.51 	204.98 	202.88 	213.65 p	215.3 p	221.33 p
A,INVT,P_MHAB,BG	: 	: 	: 	: 	: 	: 	: 	2.86 	3.56 	4.82 	4.57 	5.99 	3.79 	5.09 	6.12 	6.88 	8.94 	6.97 	8.97 b	7.75 bp
A,INVT,P_MHAB,CH	: 	: 	: 	: 	: 	: 	: 	562.66 b	567.22 	569.27 	559.31 	608.16 	584.59 	583.66 	619.07 	647.91 	646.20 	841.58 p	659.54 p	673.6 p
A,INVT,P_MHAB,CY	: 	: 	: 	: 	: 	: 	: 	19.98 	28.94 	13.92 	11.73 	16.52 	17.61 	16.29 	14.94 	19.28 	26.91 	39.43 p	20.82 p	24.98 p
A,INVT,P_MHAB,CZ	: 	: 	: 	: 	: 	: 	: 	21.25 	20.55 	21.21 	24.23 	27.21 	26.88 	28.03 	34.24 	25.58 	27.39 	22.21 b	31.11 b	32.69 p
A,INVT,P_MHAB,DE	: 	: 	: 	: 	: 	: 	: 	334.50 b	345.01 	330.43 	319.80 	307.48 	310.90 	315.64 	330.10 	334.61 	326.22 	317.47 	312.51 	318.25 p
A,INVT,P_MHAB,DK	: 	: 	: 	: 	: 	: 	: 	335.15 	308.32 	336.96 	348.01 	333.60 	322.97 	353.86 	394.92 	387.48 	393.04 	442.16 	431.81 	426.62 p
A,INVT,P_MHAB,EE	: 	: 	: 	: 	: 	: 	: 	34.65 	36.29 	37.94 	27.39 	27.37 b	34.20 	43.27 	37.82 	39.94 	44.38 	52.74 	45.97 	49.05 p
A,INVT,P_MHAB,EL	: 	: 	: 	: 	: 	: 	: 	8.46 	9.05 	8.03 	11.48 	10.81 	8.72 	12.46 	13.98 	15.67 	15.80 	20.92 e	23.21 ep	20.07 p
A,INVT,P_MHAB,ES	: 	: 	: 	: 	: 	: 	: 	35.83 	39.10 	38.61 	38.36 	38.71 	40.53 	45.95 	48.04 	49.26 	46.81 	45.03 p	50.76 bp	53.59 p
A,INVT,P_MHAB,EU27_2020	: 	: 	: 	: 	: 	: 	: 	135.68 b	136.85 b	137.31 	140.3 b	139.37 b	141.52 	145.48 b	151.5 e	152.05 bep	150.3 ep	152.35 bep	153.61 bep	155.72 bep
A,INVT,P_MHAB,FI	: 	: 	: 	: 	: 	: 	: 	247.20 	291.47 	300.61 	331.78 	302.40 	288.79 	275.95 	283.38 	288.50 	294.78 	339.05 	284.19 	305 p
A,INVT,P_MHAB,FR	: 	: 	: 	: 	: 	: 	: 	145.28 	143.63 	144.91 	152.70 b	155.80 	157.26 	161.48 	161.31 	157.18 p	159.77 p	158.68 p	163.17 p	158.54 p
A,INVT,P_MHAB,HR	: 	: 	: 	: 	: 	: 	: 	6.30 	6.79 	4.94 	5.43 	4.75 	6.95 	4.84 	7.58 	9.34 	9.64 	7.38 bp	14 	17.66 p
A,INVT,P_MHAB,HU	: 	: 	: 	: 	: 	: 	: 	19.15 	22.68 b	23.25 	23.92 	20.12 	20.28 	21.66 	25.06 	23.33 	25.33 	19.80 	25.3 bp	23.54 bp
A,INVT,P_MHAB,IE	: 	: 	: 	: 	: 	: 	: 	97.38 	98.27 	97.75 	121.30 	104.21 	117.13 	113.78 	110.33 e	118.96 e	132.39 	166.36 	133.8 	124.26 p
A,INVT,P_MHAB,IS	: 	: 	: 	: 	: 	: 	: 	100.31 	112.25 	83.39 	100.80 	120.91 	86.45 	131.04 	87.89 	127.58 	109.15 	163.70 	123.04 	100.58 p
A,INVT,P_MHAB,IT	: 	: 	: 	: 	: 	: 	: 	80.72 	76.50 	73.15 	71.84 	77.01 	79.73 	83.55 	86.51 	87.24 b	90.31 	88.22 p	94.69 p	96.36 p
A,INVT,P_MHAB,LI	: 	: 	: 	: 	: 	: 	: 	1184.18 	818.40 	1081.55 	1181.27 	1760.28 	1034.04 	1001.00 	1385.77 	1270.65 	1388.14 	8206.15 p	911.53 p	957.73 p
A,INVT,P_MHAB,LT	: 	: 	: 	: 	: 	: 	: 	5.28 	6.02 	7.44 	8.53 	14.11 	8.72 	9.90 	13.56 	12.17 	19.32 	25.40 	29.66 	45.85 p
A,INVT,P_MHAB,LU	: 	: 	: 	: 	: 	: 	: 	196.78 	184.58 b	141.71 	179.75 	149.23 	202.74 	177.75 b	169.42 	193.55 	210.97 	470.45 	223.55 	211.86 p
A,INVT,P_MHAB,LV	: 	: 	: 	: 	: 	: 	: 	15.05 	14.26 	39.75 	4.51 	15.17 	5.61 	8.24 	9.34 	12.02 	20.00 	11.94 	18.62 	18.59 p
A,INVT,P_MHAB,ME	: 	: 	: 	: 	: 	: 	: 	0.00 	1.61 	1.61 	0.00 	0.00 	3.21 	1.61 	3.21 	0.00 	11.27 	3.23 	0.00 p	: 
A,INVT,P_MHAB,MK	: 	: 	: 	: 	: 	: 	: 	0.00 	0.00 	0.48 	0.48 	0.48 	0.97 	0.00 	0.00 	0.00 	0.48 	2.56 b	1.09 	1.64 p
A,INVT,P_MHAB,MT	: 	: 	: 	: 	: 	: 	: 	14.41 	4.76 	11.74 	9.20 	24.72 	15.37 	38.46 	28.89 	45.63 	40.75 	76.45 	58.37 b	55.35 p
A,INVT,P_MHAB,NL	: 	: 	: 	: 	: 	: 	: 	293.95 	257.24 	316.76 	373.55 	373.44 	374.74 	370.08 	371.35 	361.84 	336.61 	361.65 	361.51 	372.12 p
A,INVT,P_MHAB,NO	: 	: 	: 	: 	: 	: 	: 	105.59 	121.15 	115.95 	115.82 	108.89 	107.56 	102.71 	110.88 	112.19 	116.55 	116.96 	115.81 	127.16 p
A,INVT,P_MHAB,PL	: 	: 	: 	: 	: 	: 	: 	9.04 	13.06 	12.67 	16.49 	18.69 	14.99 	17.77 	20.20 e	17.99 e	17.55 ep	16.34 ep	24.25 b	26.75 bp
A,INVT,P_MHAB,PT	: 	: 	: 	: 	: 	: 	: 	9.95 	8.84 	11.48 	13.75 	14.67 	17.72 	16.80 	26.35 	29.94 	25.74 	29.46 bp	34.78 bp	34.58 p
A,INVT,P_MHAB,RO	: 	: 	: 	: 	: 	: 	: 	2.68 	3.14 	3.70 	4.52 	6.46 	6.45 	8.07 	11.25 	8.36 e	5.55 e	2.47 e	4.57 ep	5.62 ep
A,INVT,P_MHAB,RS	: 	: 	: 	: 	: 	: 	: 	1.24 b	1.81 	2.37 	2.95 	1.69 	1.13 	3.70 	2.72 	2.30 	3.04 	3.90 	3.71 	3.16 bp
A,INVT,P_MHAB,SE	: 	: 	: 	: 	: 	: 	: 	325.11 	329.43 	317.07 	322.60 	324.41 	333.67 	350.58 	377.39 	391.09 	382.29 	445.22 	400.12 	398.8 p
A,INVT,P_MHAB,SI	: 	: 	: 	: 	: 	: 	: 	81.84 	61.25 	74.27 	80.02 	72.21 	78.45 	73.56 	65.58 	80.92 	105.59 	64.28 	80.02 	84.55 p
A,INVT,P_MHAB,SK	: 	: 	: 	: 	: 	: 	: 	10.00 	8.69 	8.31 	7.75 	11.80 	11.60 	12.32 	14.50 	14.30 	17.59 	10.94 	17.31 	22.47 p
A,INVT,P_MHAB,TR	: 	: 	: 	: 	: 	: 	: 	5.60 	5.79 	5.52 	5.79 	6.41 	6.95 	11.97 	7.53 be	6.21 be	7.77 	8.83 	7.23 	7.66 p
